[
    {
        "Nom": "Age of Empires IV",
        "Desenvolupador": "Relic Entertainment",
        "Plataforma": "PC",
        "Llan\u00e7ament": "2021-10-28",
        "ID": 47
    },
    {
        "Nom": "Animal Crossing: New Horizons",
        "Desenvolupador": "Nintendo",
        "Plataforma": "Nintendo Switch",
        "Llan\u00e7ament": "2020-03-20",
        "ID": 15
    },
    {
        "Nom": "Assassin's Creed Valhalla",
        "Desenvolupador": "Ubisoft",
        "Plataforma": "PC, PlayStation 4, PlayStation 5, Xbox One, Xbox Series X\/S",
        "Llan\u00e7ament": "2020-11-10",
        "ID": 13
    },
    {
        "Nom": "Back 4 Blood",
        "Desenvolupador": "Turtle Rock Studios",
        "Plataforma": "PC, PlayStation 4, PlayStation 5, Xbox One, Xbox Series X\/S",
        "Llan\u00e7ament": "2021-10-12",
        "ID": 40
    },
    {
        "Nom": "Bravely Default II",
        "Desenvolupador": "Silicon Studio \/ Claytechworks",
        "Plataforma": "Nintendo Switch",
        "Llan\u00e7ament": "2021-02-26",
        "ID": 46
    },
    {
        "Nom": "Call of Duty: Modern Warfare (2019)",
        "Desenvolupador": "Infinity Ward",
        "Plataforma": "PC, PlayStation 4, Xbox One",
        "Llan\u00e7ament": "2019-10-25",
        "ID": 17
    },
    {
        "Nom": "Chicory: A Colorful Tale",
        "Desenvolupador": "Greg Lobanov",
        "Plataforma": "PC, PlayStation, Switch",
        "Llan\u00e7ament": "2021-06-10",
        "ID": 37
    },
    {
        "Nom": "Cyberpunk 2077",
        "Desenvolupador": "CD Projekt Red",
        "Plataforma": "PC, PlayStation 4, Xbox One",
        "Llan\u00e7ament": "2020-12-10",
        "ID": 5
    },
    {
        "Nom": "DOOM Eternal",
        "Desenvolupador": "id Software",
        "Plataforma": "PC, PlayStation 4, Xbox One",
        "Llan\u00e7ament": "2020-03-20",
        "ID": 25
    },
    {
        "Nom": "Death Stranding",
        "Desenvolupador": "Kojima Productions",
        "Plataforma": "PlayStation 4, PC",
        "Llan\u00e7ament": "2019-11-08",
        "ID": 20
    },
    {
        "Nom": "Deathloop",
        "Desenvolupador": "Arkane Studios",
        "Plataforma": "PC, PlayStation 5",
        "Llan\u00e7ament": "2021-09-14",
        "ID": 50
    },
    {
        "Nom": "Demon's Souls",
        "Desenvolupador": "Bluepoint Games \/ SIE Japan Studio",
        "Plataforma": "PlayStation 5",
        "Llan\u00e7ament": "2020-11-12",
        "ID": 16
    },
    {
        "Nom": "Far Cry 6",
        "Desenvolupador": "Ubisoft",
        "Plataforma": "PC, PlayStation 4, PlayStation 5, Xbox One, Xbox Series X\/S",
        "Llan\u00e7ament": "2021-10-07",
        "ID": 49
    },
    {
        "Nom": "Final Fantasy VII Remake",
        "Desenvolupador": "Square Enix",
        "Plataforma": "PlayStation 4",
        "Llan\u00e7ament": "2020-04-10",
        "ID": 9
    },
    {
        "Nom": "Genshin Impact",
        "Desenvolupador": "miHoYo",
        "Plataforma": "PC, PlayStation, Switch, iOS, Android",
        "Llan\u00e7ament": "2020-09-28",
        "ID": 12
    },
    {
        "Nom": "Ghost of Tsushima",
        "Desenvolupador": "Sucker Punch Productions",
        "Plataforma": "PlayStation 4",
        "Llan\u00e7ament": "2020-07-17",
        "ID": 22
    },
    {
        "Nom": "God of War",
        "Desenvolupador": "Santa Monica Studio",
        "Plataforma": "PlayStation 4, PlayStation 5",
        "Llan\u00e7ament": "2018-04-20",
        "ID": 6
    },
    {
        "Nom": "Hades",
        "Desenvolupador": "Supergiant Games",
        "Plataforma": "PC, Switch",
        "Llan\u00e7ament": "2020-09-17",
        "ID": 19
    },
    {
        "Nom": "Halo Infinite",
        "Desenvolupador": "343 Industries",
        "Plataforma": "PC, Xbox Series X\/S",
        "Llan\u00e7ament": "2021-12-08",
        "ID": 48
    },
    {
        "Nom": "Hitman 3",
        "Desenvolupador": "IO Interactive",
        "Plataforma": "PC, PlayStation 4, PlayStation 5, Xbox One, Xbox Series X\/S",
        "Llan\u00e7ament": "2021-01-20",
        "ID": 29
    },
    {
        "Nom": "Horizon Zero Dawn",
        "Desenvolupador": "Guerrilla Games",
        "Plataforma": "PlayStation 4, PC",
        "Llan\u00e7ament": "2017-02-28",
        "ID": 7
    },
    {
        "Nom": "It Takes Two",
        "Desenvolupador": "Hazelight Studios",
        "Plataforma": "PC, PlayStation 4, PlayStation 5, Xbox One, Xbox Series X\/S",
        "Llan\u00e7ament": "2021-03-26",
        "ID": 27
    },
    {
        "Nom": "Kena: Bridge of Spirits",
        "Desenvolupador": "Ember Lab",
        "Plataforma": "PC, PlayStation 4, PlayStation 5",
        "Llan\u00e7ament": "2021-09-21",
        "ID": 35
    },
    {
        "Nom": "Little Nightmares II",
        "Desenvolupador": "Tarsier Studios",
        "Plataforma": "PC, PlayStation, Xbox, Switch",
        "Llan\u00e7ament": "2021-02-11",
        "ID": 33
    },
    {
        "Nom": "Marvel's Spider-Man: Miles Morales",
        "Desenvolupador": "Insomniac Games",
        "Plataforma": "PlayStation 4, PlayStation 5",
        "Llan\u00e7ament": "2020-11-12",
        "ID": 18
    },
    {
        "Nom": "Mass Effect Legendary Edition",
        "Desenvolupador": "BioWare",
        "Plataforma": "PC, PlayStation 4, Xbox One",
        "Llan\u00e7ament": "2021-05-14",
        "ID": 36
    },
    {
        "Nom": "Metroid Dread",
        "Desenvolupador": "Nintendo",
        "Plataforma": "Nintendo Switch",
        "Llan\u00e7ament": "2021-10-08",
        "ID": 31
    },
    {
        "Nom": "Minecraft",
        "Desenvolupador": "Mojang",
        "Plataforma": "PC, PlayStation, Xbox, Switch, etc.",
        "Llan\u00e7ament": "2011-11-18",
        "ID": 10
    },
    {
        "Nom": "Monster Hunter Rise",
        "Desenvolupador": "Capcom",
        "Plataforma": "Nintendo Switch, PC",
        "Llan\u00e7ament": "2021-03-26",
        "ID": 32
    },
    {
        "Nom": "New Pok\u00e9mon Snap",
        "Desenvolupador": "Bandai Namco Studios",
        "Plataforma": "Nintendo Switch",
        "Llan\u00e7ament": "2021-04-30",
        "ID": 39
    },
    {
        "Nom": "NieR Replicant ver.1.22474487139...",
        "Desenvolupador": "Toylogic",
        "Plataforma": "PC, PlayStation 4, Xbox One",
        "Llan\u00e7ament": "2021-04-23",
        "ID": 41
    },
    {
        "Nom": "Outriders",
        "Desenvolupador": "People Can Fly",
        "Plataforma": "PC, PlayStation 4, PlayStation 5, Xbox One, Xbox Series X\/S",
        "Llan\u00e7ament": "2021-04-01",
        "ID": 34
    },
    {
        "Nom": "Persona 5 Royal",
        "Desenvolupador": "Atlus",
        "Plataforma": "PlayStation 4",
        "Llan\u00e7ament": "2020-03-31",
        "ID": 30
    },
    {
        "Nom": "Pok\u00e9mon Black\/White",
        "Desenvolupador": "Game Freak",
        "Plataforma": "Nintendo DS",
        "Llan\u00e7ament": "2010-03-04",
        "ID": 42
    },
    {
        "Nom": "Pok\u00e9mon Diamond\/Pearl",
        "Desenvolupador": "Game Freak",
        "Plataforma": "Nintendo DS",
        "Llan\u00e7ament": "2006-09-28",
        "ID": 28
    },
    {
        "Nom": "Pok\u00e9mon FireRed \/ LeafGreen",
        "Desenvolupador": "Game Freak",
        "Plataforma": "Game Boy Advance",
        "Llan\u00e7ament": "2004-01-29",
        "ID": 14
    },
    {
        "Nom": "Ratchet & Clank: Rift Apart",
        "Desenvolupador": "Insomniac Games",
        "Plataforma": "PlayStation 5",
        "Llan\u00e7ament": "2021-06-11",
        "ID": 26
    },
    {
        "Nom": "Red Dead Redemption 2",
        "Desenvolupador": "Rockstar Games",
        "Plataforma": "PlayStation 4, Xbox One, PC",
        "Llan\u00e7ament": "2018-10-26",
        "ID": 3
    },
    {
        "Nom": "Red Dead Redemption 2",
        "Desenvolupador": "Rockstar Games",
        "Plataforma": "PlayStation 4, Xbox One, PC",
        "Llan\u00e7ament": "2018-10-26",
        "ID": 3
    },
    {
        "Nom": "Resident Evil 3 Remake",
        "Desenvolupador": "Capcom",
        "Plataforma": "PC, PlayStation 4, Xbox One",
        "Llan\u00e7ament": "2020-04-03",
        "ID": 45
    },
    {
        "Nom": "Resident Evil Village",
        "Desenvolupador": "Capcom",
        "Plataforma": "PC, PlayStation 4, PlayStation 5, Xbox One, Xbox Series X\/S",
        "Llan\u00e7ament": "2021-05-07",
        "ID": 23
    },
    {
        "Nom": "Riders Republic",
        "Desenvolupador": "Ubisoft Annecy",
        "Plataforma": "PC, PlayStation 4, PlayStation 5, Xbox One, Xbox Series X\/S",
        "Llan\u00e7ament": "2021-10-28",
        "ID": 43
    },
    {
        "Nom": "Scarlet Nexus",
        "Desenvolupador": "Bandai Namco Entertainment",
        "Plataforma": "PC, PlayStation 4, PlayStation 5, Xbox One, Xbox Series X\/S",
        "Llan\u00e7ament": "2021-06-25",
        "ID": 38
    },
    {
        "Nom": "Sekiro: Shadows Die Twice",
        "Desenvolupador": "FromSoftware",
        "Plataforma": "PC, PlayStation 4, Xbox One",
        "Llan\u00e7ament": "2019-03-22",
        "ID": 24
    },
    {
        "Nom": "Stardew Valley",
        "Desenvolupador": "ConcernedApe",
        "Plataforma": "PC, PlayStation, Xbox, Switch, iOS, Android",
        "Llan\u00e7ament": "2016-02-26",
        "ID": 21
    },
    {
        "Nom": "Super Mario Odyssey",
        "Desenvolupador": "Nintendo",
        "Plataforma": "Nintendo Switch",
        "Llan\u00e7ament": "2017-10-27",
        "ID": 4
    },
    {
        "Nom": "The Elder Scrolls V: Skyrim",
        "Desenvolupador": "Bethesda Game Studios",
        "Plataforma": "PC, PlayStation 3, Xbox 360",
        "Llan\u00e7ament": "2011-11-11",
        "ID": 8
    },
    {
        "Nom": "The Last of Us Part II",
        "Desenvolupador": "Naughty Dog",
        "Plataforma": "PlayStation 4, PlayStation 5",
        "Llan\u00e7ament": "2020-06-19",
        "ID": 11
    },
    {
        "Nom": "The Legend of Zelda: Breath of the Wild",
        "Desenvolupador": "Nintendo",
        "Plataforma": "Nintendo Switch",
        "Llan\u00e7ament": "2017-03-03",
        "ID": 1
    },
    {
        "Nom": "The Medium",
        "Desenvolupador": "Bloober Team",
        "Plataforma": "PC, Xbox Series X\/S",
        "Llan\u00e7ament": "2021-01-28",
        "ID": 44
    },
    {
        "Nom": "The Witcher 3: Wild Hunt",
        "Desenvolupador": "CD Projekt Red",
        "Plataforma": "PC, PlayStation 4, Xbox One",
        "Llan\u00e7ament": "2015-05-19",
        "ID": 2
    }
]